,0,1,2,3,4,5,6,7,8,9,10,11,12,13,14,15,16,17
template,A1,A2,A3,A4,A,B1,B2,B3,B4,B,C1,C2,C3,C4,C,Gender,Race-AB,Race-C
en1,0.13560936838493218,0.13701659465394914,0.052874381903191686,0.015282234562368229,0.08519564487611031,0.16245132549761912,0.14643645075737732,0.0041913549107512535,0.002648882179496938,0.07893200333631115,0.08033973797214554,0.0317677264723567,0.08753805709781495,0.061475804046673806,0.06528033139724775,0.1248985890606397,0.018749213388952024,0.04662176525951525
nn1,0.8263849431239069,0.819572178747505,0.8930019425674224,0.9318439539136558,0.8677007545881225,0.8116170186270029,0.8092141464874149,0.9872877673364021,0.981453957228825,0.8973932224199113,0.7751127199289647,0.8620740478350357,0.7571929928554176,0.7827032890073482,0.7942707624066916,0.7998489999617019,0.9483969052615764,0.822388668421192
cn1,0.038005687308497724,0.043411226031952535,0.054123675942578366,0.052873810233371656,0.047103599879100067,0.025931657958426512,0.044349401082610714,0.008520881019034227,0.01589716022336406,0.023674775070858876,0.14454753970370648,0.10615822712795554,0.1552689512152502,0.15582090858336667,0.1404489066575697,0.07525241055007403,0.032853881854587076,0.1309895678556611
en2,0.11178703983873128,0.16613836322026326,0.10050894077998442,0.018556682035680217,0.0992477564686648,0.07444132371281739,0.0579348138376663,0.006848016086454228,0.0026300041595120624,0.03546353944911249,0.11268158266667594,0.029266174496363172,0.07429181297804222,0.06355116551316553,0.06994768391356171,0.09954582270903273,0.03213591076540773,0.046408670004764355
nn2,0.8194940819218755,0.7744122996106744,0.8680243538299077,0.9485328413289169,0.8526158941728437,0.8668012563511729,0.8584808282703161,0.9808852634799312,0.9803692939980276,0.921634160524862,0.7051942348480225,0.836867930367589,0.7184700508936778,0.8078094179010625,0.7670854085025879,0.7904754586492898,0.9444529381591958,0.8223386741343257
cn2,0.06871887739282101,0.05944933818618301,0.031466705209746114,0.03291047730980891,0.04813634952463976,0.0587574177198112,0.08358435775968247,0.01226671789379292,0.017000702727618146,0.04290229902522618,0.18212418347359338,0.1338658909980123,0.20723813487465054,0.1286394158190977,0.16296690629133848,0.10997871823445693,0.023411150785241523,0.13125265340855502
en3,,,0.2032657829244477,0.08577337366898127,0.14451957829671447,,,0.01003369201191137,0.004474827670492232,0.007254259841201801,,,,,,,0.07588691906895813,
nn3,,,0.6679875821294919,0.8193893607320457,0.7436884714307688,,,0.9060182315363011,0.8784180599553831,0.8922181457458421,,,,,,,0.8179533085883055,
cn3,,,0.12874663184383806,0.09483726721674461,0.11179194953029134,,,0.08394807413167937,0.11710712006155016,0.10052759709661477,,,,,,,0.10615977331345305,
en4,,,0.5107778353800236,0.3745976993492965,0.4426877673646601,,,0.1360797581695755,0.08437172318648162,0.11022574067802855,,,,,,,0.2764567540213443,
nn4,,,0.3380977662516312,0.4821877981825122,0.4101427822170717,,,0.740617219621027,0.815798843729085,0.7782080316750559,,,,,,,0.5941754069460639,
cn4,,,0.15112439380355283,0.14321450222733206,0.14716944801544246,,,0.12330302045169012,0.0998294329238606,0.11156622668777536,,,,,,,0.1293678373516089,
en_avg,0.12369820411183173,0.1515774789371062,0.21685673524691185,0.12355249740408156,0.15392122892498283,0.11844632460521826,0.10218563229752181,0.039288205294673084,0.023531359298995712,0.07086288037410221,0.09651066031941075,0.03051695048435993,0.08091493503792858,0.06251348477991966,0.06761400765540473,0.11222220588483622,0.10080719931116555,0.046515217632139796
nn_avg,0.8229395125228912,0.7969922391790897,0.6917779111946133,0.7954884885392827,0.7767995378589692,0.8392091374890879,0.8338474873788655,0.9037021204934154,0.9140100387278302,0.8726921960222996,0.7401534773884936,0.8494709891013124,0.7378315218745477,0.7952563534542054,0.7806780854546398,0.795162229305496,0.8262446397387854,0.8223636712777589
cn_avg,0.053362282350659374,0.051430282109067776,0.09136535169992885,0.0809590142468143,0.06927923260161757,0.04234453783911886,0.06396687942114658,0.057009673374049157,0.06245860398409824,0.05644492365460321,0.16333586158864993,0.12001205906298393,0.18125354304495037,0.1422301622012322,0.1517079064744541,0.09261556439226548,0.07294816082622264,0.13112111063210807
en_std,0.0649911123632337,0.06039978472143412,0.18466410451602194,0.15158688001254034,0.11541047040330753,0.06775815681029053,0.05965927767289395,0.05597640191391327,0.035157375477383804,0.05463780296862039,0.032297550398420465,0.0085639474147518,0.0397096939557155,0.03150279268782499,0.028018496114178188,0.05413592932033138,0.10684619047996484,0.020033370051288395
nn_std,0.07393450270779431,0.06840642657689751,0.22842033879238563,0.194654299991183,0.1413538920170651,0.06589469394739718,0.05804732089862227,0.10046926575787068,0.07918040132431352,0.07589792048205092,0.07344913847268895,0.03756005943498828,0.10979164249844818,0.10499714466718839,0.08144949626832845,0.07492062085030808,0.15068107646643822,0.07127860205108834
cn_std,0.022471189057454467,0.01799671641702298,0.05624772182136233,0.05285180193587178,0.03739185730792789,0.02293301600468112,0.02966304145916365,0.05009353296020894,0.054987374832937544,0.039419241314247816,0.04833113879678731,0.032118678266256626,0.09569835990320022,0.09511816698312807,0.06781658598734305,0.03951557693971829,0.053545107887595145,0.06361842262469235
accstd,,,,,,,,,,,,,,,,,,
acc,0.90025,0.90975,0.7834507042253521,0.915948275862069,0.8773497450218553,0.863,0.8665,0.9964788732394366,0.9978448275862069,0.9309559252064109,0.8404255319148937,0.9375,0.8044077134986225,0.8247950819672131,0.8517820818451823,0.8640555409022528,0.9234306702282661,0.8811475409836065
std,0.10759786941898833,0.09786861847690306,0.3128881100865133,0.2660619879597301,0.1961041464855337,0.10439057784157922,0.09824642668711993,0.13769280042132856,0.11288343442308992,0.11330330984327941,0.10271855177859782,0.052161790077331134,0.16346646423824257,0.15441206955876097,0.11818971891323313,0.11238141807357183,0.20738158322266548,0.10328692981804605
